D,0,07/01/2019,15:30:02,2.927,24,376.469757
D,1,07/01/2019,15:30:04,2.927,24,376.763519
D,2,07/01/2019,15:31:01,3.083,20,384.882172
D,3,07/01/2019,15:32:01,3.095,21,389.152588
D,4,07/01/2019,15:33:01,3.103,21,387.752319
D,5,07/01/2019,15:34:01,3.103,20,384.008514
D,6,07/01/2019,15:35:01,3.106,21,240.224960
D,7,07/01/2019,15:36:01,3.106,21,405.294159
D,8,07/01/2019,15:37:01,3.110,21,261.325653
D,9,07/01/2019,15:38:01,3.110,21,176.513855
D,10,07/01/2019,15:39:01,3.110,21,142.644424
D,11,07/01/2019,15:40:01,3.110,21,187.204544
D,12,07/01/2019,15:41:01,3.114,21,357.892181
D,13,07/01/2019,15:42:01,3.110,21,353.510803
D,14,07/01/2019,15:43:01,3.110,21,349.954102
D,15,07/01/2019,15:44:01,3.110,21,347.836884
D,16,07/01/2019,15:45:01,3.110,21,302.640259
D,17,07/01/2019,15:46:01,3.110,21,202.451782
D,18,07/01/2019,15:47:01,3.110,21,127.026176
D,19,07/01/2019,15:48:01,3.110,21,282.417603
D,20,07/01/2019,15:49:01,3.114,22,276.098480
D,21,07/01/2019,15:50:01,3.110,23,282.185883
D,22,07/01/2019,15:51:01,3.110,23,284.053955
D,23,07/01/2019,15:52:01,3.110,22,293.953674
D,24,07/01/2019,15:53:01,3.110,22,297.025085
D,25,07/01/2019,15:54:01,3.110,22,296.742218
D,26,07/01/2019,15:55:01,3.110,22,303.521545
D,27,07/01/2019,15:56:01,3.110,22,310.230133
D,28,07/01/2019,15:57:01,3.106,21,312.369171
D,29,07/01/2019,15:58:01,3.103,21,317.354370
D,30,07/01/2019,15:59:01,3.103,21,318.018036
D,31,07/01/2019,16:00:01,3.103,21,321.752075
D,32,07/01/2019,16:01:01,3.103,21,333.163025
D,33,07/01/2019,16:02:01,3.099,21,343.501190
D,34,07/01/2019,16:03:01,3.095,21,354.528076
D,35,07/01/2019,16:04:01,3.095,21,378.676239
D,36,07/01/2019,16:05:01,3.095,20,389.789062
D,37,07/01/2019,16:06:01,3.095,21,392.094543
D,38,07/01/2019,16:07:01,3.091,20,413.082031
D,39,07/01/2019,16:08:01,3.087,21,419.585022
D,40,07/01/2019,16:09:01,3.087,20,429.543488
D,41,07/01/2019,16:10:00,3.087,21,1.810940
D,42,07/01/2019,16:11:00,3.087,21,0.000000
D,43,07/01/2019,16:12:00,3.087,21,-0.000015
D,44,07/01/2019,16:13:00,3.083,21,0.000003
D,45,07/01/2019,16:14:00,3.083,20,0.000000
D,46,07/01/2019,16:15:00,3.087,20,-0.001439
D,47,07/01/2019,16:16:00,3.083,20,-0.000368
D,48,07/01/2019,16:17:00,3.079,20,-0.000722
D,49,07/01/2019,16:18:00,3.079,20,-0.000373
D,50,07/01/2019,16:19:00,3.079,22,0.000061
D,51,07/01/2019,16:20:00,3.079,22,-0.000015
D,52,07/01/2019,16:21:00,3.079,21,-0.000329
D,53,07/01/2019,16:22:00,3.079,21,-0.000265
D,54,07/01/2019,16:23:00,3.079,22,0.000013
D,55,07/01/2019,16:24:00,3.079,21,0.000075
D,56,07/01/2019,16:25:00,3.079,22,-0.000228
D,57,07/01/2019,16:26:00,3.076,22,0.000049
D,58,07/01/2019,16:27:00,3.076,22,-0.000198
D,59,07/01/2019,16:28:00,3.074,22,-0.000063
D,60,07/01/2019,16:29:00,3.076,22,-0.000556
D,61,07/01/2019,16:30:02,3.076,24,-1.000000
D,62,07/01/2019,16:31:02,3.079,26,-1.000000
D,63,07/01/2019,16:32:02,3.079,28,-1.000000
D,64,07/01/2019,16:33:02,3.083,29,-1.000000
D,65,07/01/2019,16:34:02,3.087,34,-1.000000
D,66,07/01/2019,16:35:02,3.095,38,-1.000000
D,67,07/01/2019,16:36:02,3.099,41,-1.000000
D,68,07/01/2019,16:37:02,3.105,42,-1.000000
D,69,07/01/2019,16:38:02,3.110,44,-1.000000
D,70,07/01/2019,16:39:02,3.114,47,-1.000000
D,71,07/01/2019,16:40:02,3.122,49,-1.000000
D,72,07/01/2019,16:41:02,3.126,50,-1.000000
D,73,07/01/2019,16:42:02,3.130,52,-1.000000
D,74,07/01/2019,16:43:02,3.134,51,-1.000000
D,75,07/01/2019,16:44:02,3.138,52,-1.000000
D,76,07/01/2019,16:45:02,3.142,52,-1.000000
D,77,07/01/2019,16:46:02,3.146,51,-1.000000
D,78,07/01/2019,16:47:02,3.146,50,-1.000000
D,79,07/01/2019,16:48:02,3.146,49,-1.000000
D,80,07/01/2019,16:49:02,3.146,48,-1.000000
D,81,07/01/2019,16:50:02,3.146,49,-1.000000
D,82,07/01/2019,16:51:02,3.146,49,-1.000000
D,83,07/01/2019,16:52:02,3.150,48,-1.000000
D,84,07/01/2019,16:53:02,3.142,47,-1.000000
D,85,07/01/2019,16:54:02,3.142,48,-1.000000
D,86,07/01/2019,16:55:02,3.142,46,-1.000000
D,87,07/01/2019,16:56:02,3.142,46,-1.000000
D,88,07/01/2019,16:57:02,3.142,47,-1.000000
D,89,07/01/2019,16:58:02,3.142,46,-1.000000
D,90,07/01/2019,16:59:02,3.138,47,-1.000000
D,91,07/01/2019,17:00:02,3.138,47,-1.000000
D,92,07/01/2019,17:01:02,3.134,48,-1.000000
D,93,07/01/2019,17:02:02,3.134,47,-1.000000
D,94,07/01/2019,17:03:02,3.134,47,-1.000000
D,95,07/01/2019,17:04:02,3.134,46,-1.000000
D,96,07/01/2019,17:05:02,3.134,45,-1.000000
D,97,07/01/2019,17:06:02,3.134,44,-1.000000
D,98,07/01/2019,17:07:02,3.134,45,-1.000000
D,99,07/01/2019,17:08:02,3.130,45,-1.000000
D,100,07/01/2019,17:09:02,3.130,44,-1.000000
D,101,07/01/2019,17:10:02,3.134,45,-1.000000
D,102,07/01/2019,17:11:02,3.126,46,-1.000000
D,103,07/01/2019,17:12:02,3.126,46,-1.000000
D,104,07/01/2019,17:13:02,3.122,46,-1.000000
D,105,07/01/2019,17:14:02,3.130,47,-1.000000
D,106,07/01/2019,17:15:02,3.126,47,-1.000000
D,107,07/01/2019,17:16:02,3.126,48,-1.000000
D,108,07/01/2019,17:17:02,3.122,49,-1.000000
D,109,07/01/2019,17:18:02,3.126,49,-1.000000
D,110,07/01/2019,17:19:02,3.122,49,-1.000000
D,111,07/01/2019,17:20:02,3.126,48,-1.000000
D,112,07/01/2019,17:21:02,3.122,49,-1.000000
D,113,07/01/2019,17:22:02,3.122,49,-1.000000
D,114,07/01/2019,17:23:02,3.122,49,-1.000000
D,115,07/01/2019,17:24:02,3.122,47,-1.000000
D,116,07/01/2019,17:25:02,3.120,46,-1.000000
D,117,07/01/2019,17:26:02,3.122,46,16626.761719
D,118,07/01/2019,17:27:02,3.118,47,-1.000000
D,119,07/01/2019,17:28:02,3.118,47,-1.000000
D,120,07/01/2019,17:29:02,3.118,47,-1.000000
D,121,07/01/2019,17:30:02,3.118,46,-1.000000
D,122,07/01/2019,17:31:02,3.118,45,-1.000000
D,123,07/01/2019,17:32:02,3.114,46,-1.000000
D,124,07/01/2019,17:33:02,3.114,46,-1.000000
D,125,07/01/2019,17:34:02,3.110,46,-1.000000
D,126,07/01/2019,17:35:02,3.110,45,-1.000000
D,127,07/01/2019,17:36:02,3.110,47,-1.000000
D,128,07/01/2019,17:37:02,3.110,47,-1.000000
D,129,07/01/2019,17:38:02,3.110,47,-1.000000
D,130,07/01/2019,17:39:02,3.110,49,-1.000000
D,131,07/01/2019,17:40:02,3.110,47,-1.000000
D,132,07/01/2019,17:41:02,3.110,47,-1.000000
D,133,07/01/2019,17:42:02,3.110,48,-1.000000
D,134,07/01/2019,17:43:02,3.110,47,-1.000000
D,135,07/01/2019,17:44:02,3.110,48,-1.000000
D,136,07/01/2019,17:45:02,3.110,47,-1.000000
D,137,07/01/2019,17:46:02,3.110,49,-1.000000
D,138,07/01/2019,17:47:02,3.106,49,-1.000000
D,139,07/01/2019,17:48:02,3.110,48,16528.787109
D,140,07/01/2019,17:49:02,3.110,47,-1.000000
D,141,07/01/2019,17:50:02,3.106,47,17420.458984
D,142,07/01/2019,17:51:02,3.106,46,15281.042969
D,143,07/01/2019,17:52:02,3.106,45,13713.534180
D,144,07/01/2019,17:53:02,3.106,44,14622.013672
D,145,07/01/2019,17:54:02,3.105,44,15549.668945
D,146,07/01/2019,17:55:02,3.103,44,-1.000000
D,147,07/01/2019,17:56:02,3.103,44,-1.000000
D,148,07/01/2019,17:57:02,3.099,43,-1.000000
D,149,07/01/2019,17:58:02,3.099,44,-1.000000
D,150,07/01/2019,17:59:02,3.095,45,-1.000000
D,151,07/01/2019,18:00:02,3.095,45,-1.000000
D,152,07/01/2019,18:01:02,3.095,46,-1.000000
D,153,07/01/2019,18:02:02,3.095,45,-1.000000
D,154,07/01/2019,18:03:02,3.095,45,-1.000000
D,155,07/01/2019,18:04:02,3.095,45,15176.975586
D,156,07/01/2019,18:05:02,3.095,44,-1.000000
D,157,07/01/2019,18:06:02,3.095,43,-1.000000
D,158,07/01/2019,18:07:02,3.091,44,-1.000000
D,159,07/01/2019,18:08:02,3.095,44,-1.000000
D,160,07/01/2019,18:09:02,3.091,44,-1.000000
D,161,07/01/2019,18:10:02,3.087,44,-1.000000
D,162,07/01/2019,18:11:02,3.087,44,-1.000000
D,163,07/01/2019,18:12:02,3.087,45,-1.000000
D,164,07/01/2019,18:13:02,3.087,46,-1.000000
D,165,07/01/2019,18:14:02,3.087,45,-1.000000
D,166,07/01/2019,18:15:02,3.087,44,-1.000000
D,167,07/01/2019,18:16:02,3.087,44,-1.000000
D,168,07/01/2019,18:17:02,3.087,45,-1.000000
D,169,07/01/2019,18:18:02,3.083,45,-1.000000
D,170,07/01/2019,18:19:02,3.087,45,-1.000000
D,171,07/01/2019,18:20:02,3.087,45,-1.000000
D,172,07/01/2019,18:21:02,3.087,46,-1.000000
D,173,07/01/2019,18:22:02,3.083,46,-1.000000
D,174,07/01/2019,18:23:02,3.083,46,-1.000000
D,175,07/01/2019,18:24:02,3.083,47,-1.000000
D,176,07/01/2019,18:25:02,3.083,47,-1.000000
D,177,07/01/2019,18:26:02,3.087,47,-1.000000
D,178,07/01/2019,18:27:02,3.087,47,-1.000000
D,179,07/01/2019,18:28:02,3.087,47,-1.000000
D,180,07/01/2019,18:29:02,3.083,47,-1.000000
D,181,07/01/2019,18:30:02,3.085,47,-1.000000
D,182,07/01/2019,18:31:02,3.083,47,-1.000000
D,183,07/01/2019,18:32:02,3.087,46,-1.000000
D,184,07/01/2019,18:33:02,3.083,46,-1.000000
D,185,07/01/2019,18:34:02,3.083,47,-1.000000
D,186,07/01/2019,18:35:02,3.083,46,-1.000000
D,187,07/01/2019,18:36:02,3.083,46,-1.000000
D,188,07/01/2019,18:37:02,3.083,47,-1.000000
D,189,07/01/2019,18:38:02,3.083,47,-1.000000
D,190,07/01/2019,18:39:02,3.083,47,-1.000000
D,191,07/01/2019,18:40:02,3.083,47,-1.000000
D,192,07/01/2019,18:41:02,3.081,47,-1.000000
D,193,07/01/2019,18:42:02,3.079,47,-1.000000
D,194,07/01/2019,18:43:02,3.083,47,-1.000000
D,195,07/01/2019,18:44:02,3.083,47,-1.000000
D,196,07/01/2019,18:45:02,3.079,47,-1.000000
D,197,07/01/2019,18:46:02,3.079,46,-1.000000
D,198,07/01/2019,18:47:02,3.079,47,-1.000000
D,199,07/01/2019,18:48:02,3.079,45,-1.000000
D,200,07/01/2019,18:49:02,3.079,46,-1.000000
D,201,07/01/2019,18:50:02,3.079,46,-1.000000
D,202,07/01/2019,18:51:02,3.076,46,-1.000000
D,203,07/01/2019,18:52:02,3.079,45,-1.000000
D,204,07/01/2019,18:53:02,3.076,45,-1.000000
D,205,07/01/2019,18:54:02,3.079,45,-1.000000
D,206,07/01/2019,18:55:02,3.079,45,-1.000000
D,207,07/01/2019,18:56:02,3.076,45,-1.000000
D,208,07/01/2019,18:57:02,3.076,44,13307.464844
D,209,07/01/2019,18:58:02,3.072,44,13315.816406
D,210,07/01/2019,18:59:02,3.072,44,9997.850586
D,211,07/01/2019,19:00:02,3.072,43,10501.974609
D,212,07/01/2019,19:01:02,3.072,42,8452.726562
D,213,07/01/2019,19:02:02,3.068,42,9045.632812
D,214,07/01/2019,19:03:02,3.072,41,8466.327148
D,215,07/01/2019,19:04:02,3.068,41,7926.162598
D,216,07/01/2019,19:05:02,3.064,39,5516.704102
D,217,07/01/2019,19:06:02,3.064,39,4776.836914
D,218,07/01/2019,19:07:02,3.064,38,4288.434082
D,219,07/01/2019,19:08:02,3.060,37,4740.470703
D,220,07/01/2019,19:09:02,3.060,36,4719.689453
D,221,07/01/2019,19:10:02,3.057,36,5892.770996
D,222,07/01/2019,19:11:02,3.053,35,6876.949219
D,223,07/01/2019,19:12:02,3.053,36,8297.985352
D,224,07/01/2019,19:13:02,3.049,35,6586.697754
D,225,07/01/2019,19:14:02,3.049,34,5932.347168
D,226,07/01/2019,19:15:02,3.045,34,4907.043457
D,227,07/01/2019,19:16:02,3.045,34,4022.363525
D,228,07/01/2019,19:17:02,3.042,33,3581.016113
D,229,07/01/2019,19:18:02,3.038,32,3736.790771
D,230,07/01/2019,19:19:02,3.038,32,3783.003418
D,231,07/01/2019,19:20:02,3.038,32,3616.294434
D,232,07/01/2019,19:21:02,3.034,31,3624.291260
D,233,07/01/2019,19:22:02,3.034,31,3575.412842
D,234,07/01/2019,19:23:02,3.029,30,3526.099121
D,235,07/01/2019,19:24:02,3.027,30,3681.683350
D,236,07/01/2019,19:25:02,3.027,30,3850.160156
D,237,07/01/2019,19:26:02,3.023,30,3738.585693
D,238,07/01/2019,19:27:02,3.023,30,3882.582275
D,239,07/01/2019,19:28:02,3.020,30,3976.612793
D,240,07/01/2019,19:29:02,3.020,29,3697.078369
D,241,07/01/2019,19:30:02,3.020,30,4136.303711
D,242,07/01/2019,19:31:02,3.016,29,4051.358398
D,243,07/01/2019,19:32:02,3.014,29,4057.152344
D,244,07/01/2019,19:33:02,3.012,29,4045.809570
D,245,07/01/2019,19:34:02,3.012,28,3402.583984
D,246,07/01/2019,19:35:02,3.012,28,2885.457520
D,247,07/01/2019,19:36:02,3.009,28,2671.665527
D,248,07/01/2019,19:37:02,3.009,28,2766.321777
D,249,07/01/2019,19:38:02,3.005,28,3019.390625
D,250,07/01/2019,19:39:02,3.005,28,2677.132812
D,251,07/01/2019,19:40:02,3.005,27,3061.387207
D,252,07/01/2019,19:41:02,3.001,27,2764.717041
D,253,07/01/2019,19:42:02,3.005,27,2334.902588
D,254,07/01/2019,19:43:02,3.000,27,2284.555420
D,255,07/01/2019,19:44:02,2.998,26,2292.008057
D,256,07/01/2019,19:45:02,2.998,27,2181.249512
D,257,07/01/2019,19:46:02,2.998,26,2118.716797
D,258,07/01/2019,19:47:02,2.994,26,2047.208130
D,259,07/01/2019,19:48:02,2.994,26,1980.432007
D,260,07/01/2019,19:49:02,2.990,26,1929.540894
D,261,07/01/2019,19:50:02,2.990,26,1884.198486
D,262,07/01/2019,19:51:02,2.990,26,1851.068726
D,263,07/01/2019,19:52:02,2.990,25,1828.438477
D,264,07/01/2019,19:53:02,2.987,25,1817.585571
D,265,07/01/2019,19:54:02,2.987,25,1836.816040
D,266,07/01/2019,19:55:02,2.983,24,1877.833618
D,267,07/01/2019,19:56:02,2.983,24,1930.220825
D,268,07/01/2019,19:57:02,2.983,25,1965.907227
D,269,07/01/2019,19:58:02,2.983,24,2000.015991
D,270,07/01/2019,19:59:02,2.980,24,2027.379150
D,271,07/01/2019,20:00:02,2.980,24,2109.795410
D,272,07/01/2019,20:01:02,2.980,23,2095.052734
D,273,07/01/2019,20:02:02,2.980,23,2651.211182
D,274,07/01/2019,20:03:02,2.976,24,3160.395020
D,275,07/01/2019,20:04:02,2.976,24,2959.441650
D,276,07/01/2019,20:05:02,2.976,24,2655.617432
D,277,07/01/2019,20:06:02,2.976,24,2733.980957
D,278,07/01/2019,20:07:02,2.976,24,2401.243408
D,279,07/01/2019,20:08:02,2.976,24,2089.422363
D,280,07/01/2019,20:09:02,2.976,24,1958.454468
D,281,07/01/2019,20:10:02,2.976,24,1903.864014
D,282,07/01/2019,20:11:02,2.973,24,1959.324951
D,283,07/01/2019,20:12:02,2.976,24,2042.312012
D,284,07/01/2019,20:13:02,2.976,24,2022.320068
D,285,07/01/2019,20:14:02,2.973,24,2019.899170
D,286,07/01/2019,20:15:02,2.969,24,2034.995361
D,287,07/01/2019,20:16:02,2.973,24,2058.142578
D,288,07/01/2019,20:17:02,2.969,24,2089.422607
D,289,07/01/2019,20:18:02,2.969,24,2121.899170
D,290,07/01/2019,20:19:02,2.969,23,2140.640137
D,291,07/01/2019,20:20:02,2.969,23,2159.543945
D,292,07/01/2019,20:21:02,2.969,24,2173.687988
D,293,07/01/2019,20:22:02,2.969,23,2181.385498
D,294,07/01/2019,20:23:02,2.969,23,2183.072021
D,295,07/01/2019,20:24:02,2.969,23,2178.312012
D,296,07/01/2019,20:25:02,2.965,23,2174.558350
D,297,07/01/2019,20:26:02,2.969,22,2168.084717
D,298,07/01/2019,20:27:02,2.965,24,2160.441650
D,299,07/01/2019,20:28:02,2.965,23,2146.515381
D,300,07/01/2019,20:29:02,2.965,23,2132.833740
D,301,07/01/2019,20:30:02,2.965,23,2125.380859
D,302,07/01/2019,20:31:02,2.965,23,2121.627197
D,303,07/01/2019,20:32:02,2.965,23,2117.982666
D,304,07/01/2019,20:33:02,2.965,22,2113.766357
D,305,07/01/2019,20:34:02,2.962,23,2103.076904
D,306,07/01/2019,20:35:02,2.962,23,2094.617432
D,307,07/01/2019,20:36:02,2.962,23,2080.555420
D,308,07/01/2019,20:37:02,2.962,23,2051.478271
D,309,07/01/2019,20:38:02,2.962,23,1999.063965
D,310,07/01/2019,20:39:02,2.962,23,1941.699219
D,311,07/01/2019,20:40:02,2.962,23,1874.460815
D,312,07/01/2019,20:41:02,2.962,23,1810.105591
D,313,07/01/2019,20:42:02,2.962,23,1749.123169
D,314,07/01/2019,20:43:02,2.962,23,1689.800049
D,315,07/01/2019,20:44:02,2.960,23,1628.137695
D,316,07/01/2019,20:45:02,2.958,23,1562.150391
D,317,07/01/2019,20:46:02,2.962,23,1493.443237
D,318,07/01/2019,20:47:02,2.958,22,1422.396851
D,319,07/01/2019,20:48:02,2.958,22,1348.820923
D,320,07/01/2019,20:49:02,2.958,22,1279.134521
D,321,07/01/2019,20:50:02,2.957,22,1207.979126
D,322,07/01/2019,20:51:02,2.958,22,1137.313599
D,323,07/01/2019,20:52:02,2.955,22,1069.368042
D,324,07/01/2019,20:53:02,2.957,22,1002.700867
D,325,07/01/2019,20:54:02,2.955,22,942.806396
D,326,07/01/2019,20:55:02,2.962,22,886.964783
D,327,07/01/2019,20:56:01,2.955,22,795.884033
D,328,07/01/2019,20:57:01,2.955,21,746.870667
D,329,07/01/2019,20:58:01,2.955,22,701.654480
D,330,07/01/2019,20:59:01,2.955,22,657.301086
D,331,07/01/2019,21:00:01,2.955,21,617.174561
D,332,07/01/2019,21:01:01,2.955,21,581.985352
D,333,07/01/2019,21:02:01,2.951,21,547.761230
D,334,07/01/2019,21:03:01,2.955,21,515.486816
D,335,07/01/2019,21:04:01,2.951,21,483.908661
D,336,07/01/2019,21:05:01,2.951,21,453.413116
D,337,07/01/2019,21:06:01,2.955,21,424.744324
D,338,07/01/2019,21:07:01,2.955,21,396.503113
D,339,07/01/2019,21:08:01,2.948,21,368.640533
D,340,07/01/2019,21:09:01,2.948,21,341.997559
D,341,07/01/2019,21:10:01,2.948,21,316.448059
D,342,07/01/2019,21:11:01,2.951,21,291.848389
D,343,07/01/2019,21:12:01,2.948,21,268.626099
D,344,07/01/2019,21:13:01,2.948,21,245.796600
D,345,07/01/2019,21:14:01,2.948,20,223.701508
D,346,07/01/2019,21:15:01,2.948,21,201.487793
D,347,07/01/2019,21:16:01,2.948,21,181.780869
D,348,07/01/2019,21:17:01,2.948,21,163.777740
D,349,07/01/2019,21:18:01,2.944,21,146.450241
D,350,07/01/2019,21:19:01,2.948,20,130.148727
D,351,07/01/2019,21:20:01,2.944,20,115.348679
D,352,07/01/2019,21:21:01,2.944,20,102.372101
D,353,07/01/2019,21:22:01,2.948,20,90.667389
D,354,07/01/2019,21:23:01,2.941,20,79.905983
D,355,07/01/2019,21:24:01,2.941,20,69.999748
D,356,07/01/2019,21:25:01,2.941,20,61.099907
D,357,07/01/2019,21:26:01,2.941,20,52.831104
D,358,07/01/2019,21:27:01,2.941,20,45.223812
D,359,07/01/2019,21:28:01,2.944,20,38.807350
D,360,07/01/2019,21:29:01,2.941,20,32.907936
D,361,07/01/2019,21:30:01,2.941,20,27.829796
D,362,07/01/2019,21:31:01,2.941,20,23.394798
D,363,07/01/2019,21:32:01,2.941,20,19.501446
D,364,07/01/2019,21:33:01,2.941,19,16.077490
D,365,07/01/2019,21:34:01,2.941,19,13.146435
D,366,07/01/2019,21:35:01,2.941,19,10.685850
D,367,07/01/2019,21:36:01,2.937,19,8.650998
D,368,07/01/2019,21:37:01,2.937,19,6.991036
D,369,07/01/2019,21:38:01,2.941,19,5.654169
D,370,07/01/2019,21:39:01,2.941,19,4.586187
D,371,07/01/2019,21:40:01,2.937,18,3.743432
D,372,07/01/2019,21:41:01,2.936,18,3.070867
D,373,07/01/2019,21:42:01,2.937,18,2.525024
D,374,07/01/2019,21:43:00,2.937,18,1.981361
D,375,07/01/2019,21:44:00,2.934,19,1.638996
D,376,07/01/2019,21:45:00,2.937,19,1.358091
D,377,07/01/2019,21:46:00,2.937,19,1.125630
D,378,07/01/2019,21:47:00,2.937,19,0.936453
D,379,07/01/2019,21:48:00,2.937,19,0.776415
D,380,07/01/2019,21:49:00,2.934,19,0.645661
D,381,07/01/2019,21:50:00,2.936,18,0.535660
D,382,07/01/2019,21:51:00,2.934,19,0.447112
D,383,07/01/2019,21:52:00,2.934,18,0.373749
D,384,07/01/2019,21:53:00,2.934,18,0.314053
D,385,07/01/2019,21:54:00,2.934,19,0.256334
D,386,07/01/2019,21:55:00,2.934,18,0.215298
D,387,07/01/2019,21:56:00,2.934,19,0.181837
D,388,07/01/2019,21:57:00,2.934,19,0.154580
D,389,07/01/2019,21:58:00,2.934,18,0.132720
D,390,07/01/2019,21:59:00,2.934,19,0.115000
D,391,07/01/2019,22:00:00,2.934,18,0.100323
D,392,07/01/2019,22:01:00,2.930,18,0.088686
D,393,07/01/2019,22:02:00,2.934,19,0.078851
D,394,07/01/2019,22:03:00,2.934,19,0.070674
D,395,07/01/2019,22:04:00,2.934,19,0.064197
D,396,07/01/2019,22:05:00,2.934,18,0.058873
D,397,07/01/2019,22:06:00,2.934,19,0.054207
D,398,07/01/2019,22:07:00,2.934,18,0.050395
D,399,07/01/2019,22:08:00,2.930,18,0.047267
D,400,07/01/2019,22:09:00,2.934,18,0.044917
D,401,07/01/2019,22:10:00,2.934,18,0.042587
D,402,07/01/2019,22:11:00,2.934,18,0.040354
D,403,07/01/2019,22:12:00,2.934,18,0.038649
D,404,07/01/2019,22:13:00,2.934,18,0.037118
D,405,07/01/2019,22:14:00,2.934,18,0.035818
D,406,07/01/2019,22:15:00,2.934,18,0.035121
D,407,07/01/2019,22:16:00,2.934,18,0.034176
D,408,07/01/2019,22:17:00,2.934,18,0.033185
D,409,07/01/2019,22:18:00,2.934,18,0.032452
D,410,07/01/2019,22:19:00,2.934,19,0.031574
D,411,07/01/2019,22:20:00,2.934,18,0.031056
D,412,07/01/2019,22:21:00,2.934,18,0.031026
D,413,07/01/2019,22:22:00,2.934,18,0.030086
D,414,07/01/2019,22:23:00,2.934,18,0.029519
D,415,07/01/2019,22:24:00,2.934,18,0.029337
D,416,07/01/2019,22:25:00,2.934,18,0.028899
D,417,07/01/2019,22:26:00,2.934,18,0.028539
D,418,07/01/2019,22:27:00,2.934,18,0.028368
D,419,07/01/2019,22:28:00,2.934,18,0.028070
D,420,07/01/2019,22:29:00,2.934,18,0.027732
D,421,07/01/2019,22:30:00,2.934,18,0.027514
D,422,07/01/2019,22:31:00,2.934,17,0.027126
D,423,07/01/2019,22:32:00,2.934,18,0.027652
D,424,07/01/2019,22:33:00,2.934,18,0.027632
D,425,07/01/2019,22:34:00,2.934,18,0.027627
D,426,07/01/2019,22:35:00,2.934,18,0.027302
D,427,07/01/2019,22:36:00,2.934,18,0.026963
D,428,07/01/2019,22:37:00,2.934,18,0.027115
D,429,07/01/2019,22:38:00,2.937,18,0.027038
D,430,07/01/2019,22:39:00,2.934,18,0.027115
D,431,07/01/2019,22:40:00,2.934,18,0.026688
D,432,07/01/2019,22:41:00,2.934,18,0.026553
D,433,07/01/2019,22:42:00,2.932,18,0.026790
D,434,07/01/2019,22:43:00,2.934,18,0.027192
D,435,07/01/2019,22:44:00,2.934,18,0.026779
D,436,07/01/2019,22:45:00,2.934,18,0.027079
D,437,07/01/2019,22:46:00,2.934,18,0.026985
D,438,07/01/2019,22:47:00,2.934,18,0.027164
D,439,07/01/2019,22:48:00,2.934,18,0.026390
D,440,07/01/2019,22:49:00,2.934,18,0.027095
D,441,07/01/2019,22:50:00,2.934,18,0.026470
D,442,07/01/2019,22:51:00,2.934,17,0.026779
D,443,07/01/2019,22:52:00,2.930,18,0.026762
D,444,07/01/2019,22:53:00,2.930,18,0.026831
D,445,07/01/2019,22:54:00,2.930,17,0.027732
D,446,07/01/2019,22:55:00,2.934,18,0.026905
D,447,07/01/2019,22:56:00,2.930,18,0.027082
D,448,07/01/2019,22:57:00,2.930,17,0.027208
D,449,07/01/2019,22:58:00,2.930,18,0.026679
D,450,07/01/2019,22:59:00,2.930,17,0.027539
D,451,07/01/2019,23:00:00,2.934,18,0.027726
D,452,07/01/2019,23:01:00,2.930,18,0.026933
D,453,07/01/2019,23:02:00,2.930,17,0.027327
D,454,07/01/2019,23:03:00,2.930,17,0.026952
D,455,07/01/2019,23:04:00,2.934,17,0.027115
D,456,07/01/2019,23:05:00,2.934,17,0.027401
D,457,07/01/2019,23:06:00,2.930,18,0.027252
D,458,07/01/2019,23:07:00,2.930,17,0.027451
D,459,07/01/2019,23:08:00,2.930,17,0.026751
D,460,07/01/2019,23:09:00,2.934,17,0.027026
D,461,07/01/2019,23:10:00,2.930,17,0.027029
D,462,07/01/2019,23:11:00,2.930,17,0.026721
D,463,07/01/2019,23:12:00,2.930,17,0.027079
D,464,07/01/2019,23:13:00,2.930,17,0.027021
D,465,07/01/2019,23:14:00,2.930,17,0.026828
D,466,07/01/2019,23:15:00,2.930,17,0.027258
D,467,07/01/2019,23:16:00,2.927,17,0.026886
D,468,07/01/2019,23:17:00,2.930,17,0.027503
D,469,07/01/2019,23:18:00,2.930,17,0.027707
D,470,07/01/2019,23:19:00,2.927,17,0.027057
D,471,07/01/2019,23:20:00,2.930,17,0.027844
D,472,07/01/2019,23:21:00,2.930,17,0.027927
D,473,07/01/2019,23:22:00,2.927,17,0.027274
D,474,07/01/2019,23:23:00,2.930,17,0.027492
D,475,07/01/2019,23:24:00,2.927,17,0.027148
D,476,07/01/2019,23:25:00,2.930,17,0.027128
D,477,07/01/2019,23:26:00,2.930,17,0.026944
D,478,07/01/2019,23:27:00,2.927,17,0.026792
D,479,07/01/2019,23:28:00,2.927,17,0.026919
D,480,07/01/2019,23:29:00,2.927,17,0.026847
D,481,07/01/2019,23:30:00,2.927,17,0.026197
D,482,07/01/2019,23:31:00,2.927,17,0.026495
D,483,07/01/2019,23:32:00,2.927,17,0.026806
D,484,07/01/2019,23:33:00,2.927,17,0.027566
D,485,07/01/2019,23:34:00,2.930,17,0.027065
D,486,07/01/2019,23:35:00,2.927,17,0.026831
D,487,07/01/2019,23:36:00,2.927,17,0.026944
D,488,07/01/2019,23:37:00,2.927,17,0.026663
D,489,07/01/2019,23:38:00,2.927,17,0.026153
D,490,07/01/2019,23:39:00,2.927,17,0.026870
D,491,07/01/2019,23:40:00,2.927,17,0.026115
D,492,07/01/2019,23:41:00,2.927,17,0.026186
D,493,07/01/2019,23:42:00,2.927,17,0.026748
D,494,07/01/2019,23:43:00,2.927,17,0.025897
D,495,07/01/2019,23:44:01,2.927,17,4.457653
D,496,07/01/2019,23:45:01,2.927,17,4.434267
D,497,07/01/2019,23:46:01,2.927,17,4.504062
D,498,07/01/2019,23:47:01,2.927,17,4.480689
D,499,07/01/2019,23:48:00,2.927,17,0.017632
D,500,07/01/2019,23:49:00,2.927,17,0.019827
D,501,07/01/2019,23:50:00,2.927,17,0.019761
D,502,07/01/2019,23:51:00,2.927,17,0.019940
D,503,07/01/2019,23:52:00,2.927,17,0.020849
D,504,07/01/2019,23:53:00,2.927,17,0.020116
D,505,07/01/2019,23:54:00,2.927,17,0.020689
D,506,07/01/2019,23:55:00,2.927,17,0.020389
D,507,07/01/2019,23:56:00,2.927,17,0.020551
D,508,07/01/2019,23:57:00,2.927,17,0.020006
D,509,07/01/2019,23:58:00,2.927,17,0.020750
D,510,07/01/2019,23:59:00,2.927,17,0.020846
D,511,07/02/2019,00:00:00,2.927,17,0.020882
D,512,07/02/2019,00:01:00,2.924,17,0.020653
D,513,07/02/2019,00:02:00,2.927,17,0.020675
D,514,07/02/2019,00:03:00,2.927,17,0.020678
D,515,07/02/2019,00:04:00,2.927,17,0.020397
D,516,07/02/2019,00:05:00,2.927,17,0.020549
D,517,07/02/2019,00:06:00,2.927,17,0.019896
D,518,07/02/2019,00:07:00,2.927,17,0.020279
D,519,07/02/2019,00:08:00,2.927,17,0.020262
D,520,07/02/2019,00:09:00,2.927,17,0.019689
D,521,07/02/2019,00:10:00,2.927,16,0.019491
D,522,07/02/2019,00:11:00,2.927,17,0.019879
D,523,07/02/2019,00:12:00,2.927,17,0.019681
D,524,07/02/2019,00:13:00,2.927,17,0.019767
D,525,07/02/2019,00:14:00,2.925,17,0.018979
D,526,07/02/2019,00:15:00,2.924,16,0.020028
D,527,07/02/2019,00:16:00,2.927,17,0.019395
D,528,07/02/2019,00:17:00,2.927,17,0.019954
D,529,07/02/2019,00:18:00,2.927,17,0.019954
D,530,07/02/2019,00:19:00,2.924,17,0.019334
D,531,07/02/2019,00:20:00,2.927,17,0.020097
D,532,07/02/2019,00:21:00,2.924,17,0.019731
D,533,07/02/2019,00:22:00,2.924,17,0.019499
D,534,07/02/2019,00:23:00,2.927,17,0.020081
D,535,07/02/2019,00:24:00,2.924,17,0.019301
D,536,07/02/2019,00:25:00,2.924,17,0.019373
D,537,07/02/2019,00:26:00,2.924,16,0.019241
D,538,07/02/2019,00:27:00,2.924,17,0.020012
D,539,07/02/2019,00:28:00,2.927,16,0.020025
D,540,07/02/2019,00:29:00,2.924,16,0.019885
D,541,07/02/2019,00:30:00,2.924,17,0.019329
D,542,07/02/2019,00:31:00,2.927,17,0.019935
D,543,07/02/2019,00:32:00,2.924,16,0.019521
D,544,07/02/2019,00:33:00,2.927,16,0.020058
D,545,07/02/2019,00:34:00,2.927,17,0.019910
D,546,07/02/2019,00:35:00,2.924,17,0.027875
D,547,07/02/2019,00:36:00,2.924,16,0.028208
D,548,07/02/2019,00:37:00,2.924,17,0.027605
D,549,07/02/2019,00:38:00,2.924,17,0.028219
D,550,07/02/2019,00:39:00,2.927,17,0.028090
D,551,07/02/2019,00:40:00,2.927,17,0.027566
D,552,07/02/2019,00:41:00,2.927,17,0.028068
D,553,07/02/2019,00:42:00,2.924,16,0.028197
D,554,07/02/2019,00:43:00,2.927,17,0.028525
D,555,07/02/2019,00:44:00,2.927,16,0.028029
D,556,07/02/2019,00:45:00,2.927,17,0.027800
D,557,07/02/2019,00:46:00,2.924,16,0.026872
D,558,07/02/2019,00:47:00,2.924,17,0.027357
D,559,07/02/2019,00:48:00,2.924,17,0.027376
D,560,07/02/2019,00:49:00,2.927,17,0.026982
D,561,07/02/2019,00:50:00,2.924,17,0.025928
D,562,07/02/2019,00:51:00,2.924,17,0.027368
D,563,07/02/2019,00:52:00,2.927,17,0.026765
D,564,07/02/2019,00:53:00,2.924,17,0.026795
D,565,07/02/2019,00:54:00,2.924,16,0.027040
D,566,07/02/2019,00:55:00,2.924,17,0.026757
D,567,07/02/2019,00:56:00,2.927,17,0.026511
D,568,07/02/2019,00:57:00,2.924,16,0.027101
D,569,07/02/2019,00:58:00,2.924,17,0.026850
D,570,07/02/2019,00:59:00,2.924,17,0.026820
D,571,07/02/2019,01:00:00,2.924,16,0.026963
D,572,07/02/2019,01:01:00,2.924,17,0.026371
D,573,07/02/2019,01:02:00,2.924,16,0.025680
D,574,07/02/2019,01:03:00,2.927,16,0.025757
D,575,07/02/2019,01:04:00,2.927,16,0.026076
D,576,07/02/2019,01:05:00,2.924,16,0.025525
D,577,07/02/2019,01:06:00,2.924,16,0.025947
D,578,07/02/2019,01:07:00,2.924,16,0.025363
D,579,07/02/2019,01:08:00,2.924,16,0.025121
D,580,07/02/2019,01:09:00,2.924,16,0.024920
D,581,07/02/2019,01:10:00,2.924,16,0.026151
D,582,07/02/2019,01:11:00,2.924,16,0.026715
D,583,07/02/2019,01:12:00,2.922,16,0.026861
D,584,07/02/2019,01:13:00,2.924,16,0.027996
D,585,07/02/2019,01:14:00,2.920,16,0.028729
D,586,07/02/2019,01:15:00,2.924,16,0.028596
D,587,07/02/2019,01:16:00,2.922,16,0.028671
D,588,07/02/2019,01:17:00,2.920,16,0.028921
D,589,07/02/2019,01:18:00,2.920,16,0.028365
D,590,07/02/2019,01:19:00,2.920,16,0.028379
D,591,07/02/2019,01:20:00,2.920,16,0.030643
D,592,07/02/2019,01:21:00,2.920,16,0.030001
D,593,07/02/2019,01:22:00,2.920,16,0.030268
D,594,07/02/2019,01:23:00,2.920,16,0.029827
D,595,07/02/2019,01:24:00,2.920,16,0.029070
D,596,07/02/2019,01:25:00,2.920,16,0.029029
D,597,07/02/2019,01:26:00,2.920,16,0.029266
D,598,07/02/2019,01:27:00,2.920,16,0.028822
D,599,07/02/2019,01:28:00,2.924,16,0.030431
D,600,07/02/2019,01:29:00,2.920,16,0.030805
D,601,07/02/2019,01:30:00,2.920,16,0.029434
D,602,07/02/2019,01:31:00,2.920,16,0.030882
D,603,07/02/2019,01:32:00,2.920,16,0.030510
D,604,07/02/2019,01:33:00,2.920,16,0.030152
D,605,07/02/2019,01:34:00,2.920,17,0.030161
D,606,07/02/2019,01:35:00,2.920,16,0.030029
D,607,07/02/2019,01:36:00,2.920,16,0.029816
D,608,07/02/2019,01:37:00,2.920,16,0.030544
D,609,07/02/2019,01:38:00,2.920,16,0.029935
D,610,07/02/2019,01:39:00,2.920,16,0.030869
D,611,07/02/2019,01:40:00,2.920,16,0.030736
D,612,07/02/2019,01:41:00,2.920,16,0.029742
D,613,07/02/2019,01:42:00,2.920,17,0.030505
D,614,07/02/2019,01:43:00,2.920,16,0.029693
D,615,07/02/2019,01:44:00,2.917,16,0.030524
D,616,07/02/2019,01:45:00,2.920,16,0.030001
D,617,07/02/2019,01:46:00,2.920,16,0.029888
D,618,07/02/2019,01:47:00,2.920,16,0.029907
D,619,07/02/2019,01:48:00,2.920,16,0.029362
D,620,07/02/2019,01:49:00,2.920,16,0.029676
D,621,07/02/2019,01:50:00,2.920,16,0.029332
D,622,07/02/2019,01:51:00,2.920,16,0.029676
D,623,07/02/2019,01:52:00,2.920,16,0.029827
D,624,07/02/2019,01:53:00,2.920,16,0.029665
D,625,07/02/2019,01:54:00,2.920,16,0.029158
D,626,07/02/2019,01:55:00,2.920,16,0.029679
D,627,07/02/2019,01:56:00,2.920,16,0.029379
D,628,07/02/2019,01:57:00,2.920,16,0.029007
D,629,07/02/2019,01:58:00,2.920,16,0.028960
D,630,07/02/2019,01:59:00,2.917,16,0.028974
D,631,07/02/2019,02:00:00,2.920,16,0.028916
D,632,07/02/2019,02:01:00,2.920,16,0.029018
D,633,07/02/2019,02:02:00,2.917,16,0.028569
D,634,07/02/2019,02:03:00,2.917,16,0.028891
D,635,07/02/2019,02:04:00,2.920,16,0.029040
D,636,07/02/2019,02:05:00,2.917,16,0.031100
D,637,07/02/2019,02:06:00,2.917,16,0.030629
D,638,07/02/2019,02:07:00,2.917,16,0.030100
D,639,07/02/2019,02:08:00,2.917,16,0.030634
D,640,07/02/2019,02:09:00,2.920,16,0.030246
D,641,07/02/2019,02:10:00,2.917,16,0.030161
D,642,07/02/2019,02:11:00,2.917,16,0.030384
D,643,07/02/2019,02:12:00,2.917,16,0.030712
D,644,07/02/2019,02:13:00,2.917,16,0.030056
D,645,07/02/2019,02:14:00,2.917,16,0.030329
D,646,07/02/2019,02:15:00,2.917,16,0.029844
D,647,07/02/2019,02:16:00,2.913,16,0.029838
D,648,07/02/2019,02:17:00,2.917,16,0.030510
D,649,07/02/2019,02:18:00,2.913,16,0.030541
D,650,07/02/2019,02:19:00,2.913,16,0.030144
D,651,07/02/2019,02:20:00,2.913,16,0.030150
D,652,07/02/2019,02:21:00,2.917,16,0.029990
D,653,07/02/2019,02:22:00,2.913,16,0.029957
D,654,07/02/2019,02:23:00,2.913,16,0.029872
D,655,07/02/2019,02:24:00,2.917,16,0.029921
D,656,07/02/2019,02:25:00,2.913,16,0.030015
D,657,07/02/2019,02:26:00,2.913,16,0.030045
D,658,07/02/2019,02:27:00,2.913,16,0.029775
D,659,07/02/2019,02:28:00,2.913,16,0.029651
D,660,07/02/2019,02:29:00,2.913,16,0.029651
D,661,07/02/2019,02:30:00,2.913,16,0.029334
D,662,07/02/2019,02:31:00,2.913,16,0.029632
D,663,07/02/2019,02:32:00,2.913,16,0.029428
D,664,07/02/2019,02:33:00,2.913,16,0.029345
D,665,07/02/2019,02:34:00,2.913,16,0.029147
D,666,07/02/2019,02:35:00,2.913,16,0.029059
D,667,07/02/2019,02:36:00,2.913,16,0.029015
D,668,07/02/2019,02:37:00,2.913,16,0.029054
D,669,07/02/2019,02:38:00,2.913,16,0.028996
D,670,07/02/2019,02:39:00,2.913,16,0.028729
D,671,07/02/2019,02:40:00,2.913,16,0.029133
D,672,07/02/2019,02:41:00,2.913,16,0.029362
D,673,07/02/2019,02:42:00,2.913,16,0.028897
D,674,07/02/2019,02:43:00,2.913,16,0.028505
D,675,07/02/2019,02:44:00,2.920,16,0.028756
D,676,07/02/2019,02:45:00,2.913,16,0.029158
D,677,07/02/2019,02:46:00,2.913,16,0.028412
D,678,07/02/2019,02:47:00,2.913,16,0.028117
D,679,07/02/2019,02:48:00,2.913,16,0.028362
D,680,07/02/2019,02:49:00,2.913,16,0.028142
D,681,07/02/2019,02:50:00,2.913,16,0.028282
D,682,07/02/2019,02:51:00,2.913,16,0.028205
D,683,07/02/2019,02:52:00,2.913,16,0.028062
D,684,07/02/2019,02:53:00,2.910,16,0.027930
D,685,07/02/2019,02:54:00,2.913,16,0.028214
D,686,07/02/2019,02:55:00,2.913,16,0.027988
D,687,07/02/2019,02:56:00,2.913,16,0.028646
D,688,07/02/2019,02:57:00,2.913,16,0.027922
D,689,07/02/2019,02:58:00,2.913,16,0.027682
D,690,07/02/2019,02:59:00,2.913,16,0.028004
D,691,07/02/2019,03:00:00,2.913,16,0.027715
D,692,07/02/2019,03:01:00,2.913,16,0.027886
D,693,07/02/2019,03:02:00,2.913,16,0.027770
D,694,07/02/2019,03:03:00,2.913,16,0.027847
D,695,07/02/2019,03:04:00,2.913,16,0.027508
D,696,07/02/2019,03:05:00,2.913,16,0.027597
D,697,07/02/2019,03:06:00,2.913,16,0.027379
D,698,07/02/2019,03:07:00,2.910,16,0.036267
D,699,07/02/2019,03:08:00,2.913,15,0.036589
D,700,07/02/2019,03:09:00,2.913,16,0.036418
D,701,07/02/2019,03:10:00,2.913,16,0.035961
D,702,07/02/2019,03:11:00,2.913,15,0.036443
D,703,07/02/2019,03:12:00,2.913,16,0.035636
D,704,07/02/2019,03:13:00,2.913,15,0.035922
D,705,07/02/2019,03:14:00,2.913,15,0.035848
D,706,07/02/2019,03:15:00,2.910,16,0.036344
D,707,07/02/2019,03:16:00,2.913,15,0.035977
D,708,07/02/2019,03:17:00,2.910,15,0.037137
D,709,07/02/2019,03:18:00,2.910,16,0.036966
D,710,07/02/2019,03:19:00,2.910,15,0.036743
D,711,07/02/2019,03:20:00,2.913,16,0.036729
D,712,07/02/2019,03:21:00,2.910,15,0.036341
D,713,07/02/2019,03:22:00,2.910,16,0.036140
D,714,07/02/2019,03:23:00,2.910,16,0.036605
D,715,07/02/2019,03:24:00,2.910,16,0.036581
D,716,07/02/2019,03:25:00,2.910,15,0.036118
D,717,07/02/2019,03:26:00,2.910,15,0.036157
D,718,07/02/2019,03:27:00,2.910,15,0.036280
D,719,07/02/2019,03:28:00,2.913,15,0.037247
D,720,07/02/2019,03:29:00,2.908,15,0.037090
D,721,07/02/2019,03:30:00,2.910,15,0.037443
D,722,07/02/2019,03:31:00,2.910,15,0.036683
D,723,07/02/2019,03:32:00,2.910,15,0.036465
D,724,07/02/2019,03:33:00,2.913,15,0.036627
D,725,07/02/2019,03:34:00,2.910,15,0.037010
D,726,07/02/2019,03:35:00,2.906,15,0.036415
D,727,07/02/2019,03:36:00,2.908,15,0.036253
D,728,07/02/2019,03:37:00,2.910,15,0.036914
D,729,07/02/2019,03:38:00,2.910,16,0.036974
D,730,07/02/2019,03:39:00,2.910,15,0.036104
D,731,07/02/2019,03:40:00,2.910,15,0.036022
D,732,07/02/2019,03:41:00,2.906,15,0.036305
D,733,07/02/2019,03:42:00,2.910,15,0.035873
D,734,07/02/2019,03:43:00,2.906,15,0.036432
D,735,07/02/2019,03:44:00,2.910,15,0.035843
D,736,07/02/2019,03:45:00,2.906,15,0.035809
D,737,07/02/2019,03:46:00,2.910,15,0.036526
D,738,07/02/2019,03:47:00,2.910,15,0.035666
D,739,07/02/2019,03:48:00,2.906,15,0.035606
D,740,07/02/2019,03:49:00,2.906,15,0.035479
D,741,07/02/2019,03:50:00,2.906,15,0.035443
D,742,07/02/2019,03:51:00,2.910,15,0.035870
D,743,07/02/2019,03:52:00,2.906,15,0.035782
D,744,07/02/2019,03:53:00,2.910,15,0.035600
D,745,07/02/2019,03:54:00,2.906,15,0.035545
D,746,07/02/2019,03:55:00,2.906,15,0.034198
D,747,07/02/2019,03:56:00,2.906,15,0.033865
D,748,07/02/2019,03:57:00,2.908,16,0.033196
D,749,07/02/2019,03:58:00,2.906,15,0.033325
D,750,07/02/2019,03:59:00,2.906,15,0.033904
D,751,07/02/2019,04:00:00,2.906,16,0.034022
D,752,07/02/2019,04:01:00,2.906,15,0.033201
D,753,07/02/2019,04:02:00,2.906,15,0.033942
D,754,07/02/2019,04:03:00,2.906,15,0.033190
D,755,07/02/2019,04:04:00,2.906,16,0.033254
D,756,07/02/2019,04:05:00,2.906,15,0.033460
D,757,07/02/2019,04:06:00,2.906,16,0.033047
D,758,07/02/2019,04:07:00,2.906,15,0.033127
D,759,07/02/2019,04:08:00,2.906,15,0.033606
D,760,07/02/2019,04:09:00,2.906,15,0.032909
D,761,07/02/2019,04:10:00,2.906,15,0.033631
D,762,07/02/2019,04:11:00,2.906,15,0.033378
D,763,07/02/2019,04:12:00,2.906,15,0.033146
D,764,07/02/2019,04:13:00,2.906,15,0.033298
D,765,07/02/2019,04:14:00,2.905,16,0.032846
D,766,07/02/2019,04:15:00,2.906,16,0.032860
D,767,07/02/2019,04:16:00,2.906,15,0.033405
D,768,07/02/2019,04:17:00,2.906,15,0.032717
D,769,07/02/2019,04:18:00,2.906,16,0.032722
D,770,07/02/2019,04:19:00,2.906,15,0.032504
D,771,07/02/2019,04:20:00,2.906,15,0.033513
D,772,07/02/2019,04:21:00,2.906,15,0.032328
D,773,07/02/2019,04:22:00,2.906,15,0.032292
D,774,07/02/2019,04:23:00,2.906,15,0.032210
D,775,07/02/2019,04:24:00,2.906,15,0.032331
D,776,07/02/2019,04:25:00,2.906,15,0.031998
D,777,07/02/2019,04:26:00,2.906,15,0.032075
D,778,07/02/2019,04:27:00,2.906,16,0.032061
D,779,07/02/2019,04:28:00,2.906,15,0.031962
D,780,07/02/2019,04:29:00,2.906,15,0.032433
D,781,07/02/2019,04:30:00,2.906,16,0.031965
D,782,07/02/2019,04:31:00,2.906,15,0.032485
D,783,07/02/2019,04:32:00,2.906,15,0.031788
D,784,07/02/2019,04:33:00,2.906,15,0.030417
D,785,07/02/2019,04:34:00,2.906,15,0.030409
D,786,07/02/2019,04:35:00,2.905,15,0.030654
D,787,07/02/2019,04:36:00,2.906,16,0.031130
D,788,07/02/2019,04:37:00,2.906,15,0.031061
D,789,07/02/2019,04:38:00,2.906,16,0.030678
D,790,07/02/2019,04:39:00,2.906,16,0.030811
D,791,07/02/2019,04:40:00,2.906,15,0.030378
D,792,07/02/2019,04:41:00,2.906,14,0.030579
D,793,07/02/2019,04:42:00,2.906,15,0.030888
D,794,07/02/2019,04:43:00,2.906,15,0.030623
D,795,07/02/2019,04:44:00,2.906,15,0.030161
D,796,07/02/2019,04:45:00,2.906,15,0.030786
D,797,07/02/2019,04:46:00,2.903,15,0.030750
D,798,07/02/2019,04:47:00,2.906,15,0.030417
D,799,07/02/2019,04:48:00,2.906,15,0.030029
D,800,07/02/2019,04:49:00,2.906,15,0.030632
D,801,07/02/2019,04:50:00,2.903,15,0.029852
D,802,07/02/2019,04:51:00,2.906,14,0.030819
D,803,07/02/2019,04:52:00,2.906,14,0.030623
D,804,07/02/2019,04:53:00,2.903,15,0.030632
D,805,07/02/2019,04:54:00,2.906,14,0.030618
D,806,07/02/2019,04:55:00,2.903,15,0.030337
D,807,07/02/2019,04:56:00,2.906,14,0.030505
D,808,07/02/2019,04:57:00,2.906,14,0.030213
D,809,07/02/2019,04:58:00,2.903,15,0.030370
D,810,07/02/2019,04:59:00,2.903,14,0.030701
D,811,07/02/2019,05:00:00,2.903,14,0.030789
D,812,07/02/2019,05:01:00,2.903,14,0.030918
D,813,07/02/2019,05:02:00,2.906,14,0.031227
D,814,07/02/2019,05:03:00,2.901,15,0.030629
D,815,07/02/2019,05:04:00,2.903,14,0.031238
D,816,07/02/2019,05:05:00,2.901,14,0.030902
D,817,07/02/2019,05:06:00,2.903,14,0.031367
D,818,07/02/2019,05:07:00,2.903,15,0.031736
D,819,07/02/2019,05:08:00,2.903,15,0.031899
D,820,07/02/2019,05:09:00,2.903,15,0.031568
D,821,07/02/2019,05:10:00,2.900,14,0.031929
D,822,07/02/2019,05:11:00,2.906,14,0.032937
D,823,07/02/2019,05:12:00,2.903,15,0.033298
D,824,07/02/2019,05:13:00,2.900,14,0.033636
D,825,07/02/2019,05:14:00,2.901,15,0.033716
D,826,07/02/2019,05:15:00,2.901,15,0.033760
D,827,07/02/2019,05:16:00,2.900,15,0.034154
D,828,07/02/2019,05:17:00,2.900,15,0.034603
D,829,07/02/2019,05:18:00,2.903,15,0.035374
D,830,07/02/2019,05:19:00,2.903,14,0.035559
D,831,07/02/2019,05:20:00,2.900,14,0.036336
D,832,07/02/2019,05:21:00,2.901,14,0.037151
D,833,07/02/2019,05:22:00,2.900,14,0.037024
D,834,07/02/2019,05:23:00,2.900,14,0.038269
D,835,07/02/2019,05:24:00,2.901,14,0.039145
D,836,07/02/2019,05:25:00,2.900,14,0.040569
D,837,07/02/2019,05:26:00,2.900,14,0.041899
D,838,07/02/2019,05:27:00,2.900,15,0.043243
D,839,07/02/2019,05:28:00,2.900,15,0.044405
D,840,07/02/2019,05:29:00,2.900,15,0.046851
D,841,07/02/2019,05:30:00,2.900,14,0.048575
D,842,07/02/2019,05:31:00,2.900,15,0.052026
D,843,07/02/2019,05:32:00,2.901,15,0.055113
D,844,07/02/2019,05:33:00,2.900,15,0.059090
D,845,07/02/2019,05:34:00,2.900,15,0.062726
D,846,07/02/2019,05:35:00,2.900,15,0.068094
D,847,07/02/2019,05:36:00,2.900,15,0.074450
D,848,07/02/2019,05:37:00,2.900,14,0.082090
D,849,07/02/2019,05:38:00,2.900,14,0.091531
D,850,07/02/2019,05:39:00,2.900,14,0.103581
D,851,07/02/2019,05:40:00,2.900,15,0.117470
D,852,07/02/2019,05:41:00,2.900,14,0.133254
D,853,07/02/2019,05:42:00,2.900,14,0.153896
D,854,07/02/2019,05:43:00,2.900,14,0.180182
D,855,07/02/2019,05:44:00,2.900,14,0.212689
D,856,07/02/2019,05:45:00,2.900,15,0.251754
D,857,07/02/2019,05:46:00,2.900,14,0.300252
D,858,07/02/2019,05:47:00,2.900,15,0.363584
D,859,07/02/2019,05:48:00,2.900,15,0.439499
D,860,07/02/2019,05:49:00,2.900,15,0.531127
D,861,07/02/2019,05:50:00,2.900,15,0.644568
D,862,07/02/2019,05:51:00,2.900,15,0.781865
D,863,07/02/2019,05:52:00,2.900,14,0.945255
D,864,07/02/2019,05:53:00,2.900,14,1.143915
D,865,07/02/2019,05:54:00,2.900,14,1.383556
D,866,07/02/2019,05:55:00,2.900,15,1.670046
D,867,07/02/2019,05:56:01,2.900,14,2.190871
D,868,07/02/2019,05:57:01,2.900,15,2.653017
D,869,07/02/2019,05:58:01,2.900,15,3.194665
D,870,07/02/2019,05:59:01,2.900,14,3.844606
D,871,07/02/2019,06:00:01,2.900,14,4.631309
D,872,07/02/2019,06:01:01,2.900,14,5.591125
D,873,07/02/2019,06:02:01,2.900,14,6.771021
D,874,07/02/2019,06:03:01,2.896,15,8.232322
D,875,07/02/2019,06:04:01,2.900,15,10.017354
D,876,07/02/2019,06:05:01,2.900,14,12.172637
D,877,07/02/2019,06:06:01,2.900,14,14.722192
D,878,07/02/2019,06:07:01,2.896,15,17.710253
D,879,07/02/2019,06:08:01,2.896,15,21.196426
D,880,07/02/2019,06:09:01,2.900,14,25.219484
D,881,07/02/2019,06:10:01,2.900,14,29.788260
D,882,07/02/2019,06:11:01,2.896,14,34.945583
D,883,07/02/2019,06:12:01,2.896,14,40.217487
D,884,07/02/2019,06:13:01,2.900,15,45.554562
D,885,07/02/2019,06:14:01,2.900,14,52.461182
D,886,07/02/2019,06:15:01,2.900,14,60.209923
D,887,07/02/2019,06:16:01,2.896,14,68.596222
D,888,07/02/2019,06:17:01,2.900,15,77.624451
D,889,07/02/2019,06:18:01,2.896,15,87.265221
D,890,07/02/2019,06:19:01,2.896,15,97.481537
D,891,07/02/2019,06:20:01,2.900,14,108.149376
D,892,07/02/2019,06:21:01,2.896,15,119.560326
D,893,07/02/2019,06:22:01,2.896,15,131.711105
D,894,07/02/2019,06:23:01,2.896,15,147.685120
D,895,07/02/2019,06:24:01,2.896,14,161.420029
D,896,07/02/2019,06:25:01,2.896,15,176.185272
D,897,07/02/2019,06:26:01,2.896,14,191.592438
D,898,07/02/2019,06:27:01,2.896,15,207.880890
D,899,07/02/2019,06:28:01,2.896,15,225.073471
D,900,07/02/2019,06:29:01,2.896,15,242.818756
D,901,07/02/2019,06:30:01,2.896,15,261.294098
D,902,07/02/2019,06:31:01,2.896,15,280.601746
D,903,07/02/2019,06:32:01,2.900,15,301.078979
D,904,07/02/2019,06:33:01,2.896,15,321.767303
D,905,07/02/2019,06:34:01,2.896,15,343.178040
D,906,07/02/2019,06:35:01,2.896,15,365.791046
D,907,07/02/2019,06:36:01,2.896,15,361.836151
D,908,07/02/2019,06:37:01,2.900,15,467.828064
D,909,07/02/2019,06:38:01,2.896,15,494.473145
D,910,07/02/2019,06:39:01,2.900,15,517.491943
D,911,07/02/2019,06:40:01,2.900,15,545.034729
D,912,07/02/2019,06:41:01,2.900,15,575.036316
D,913,07/02/2019,06:42:01,2.900,15,603.708374
D,914,07/02/2019,06:43:01,2.900,15,632.719849
D,915,07/02/2019,06:44:01,2.900,15,661.757507
D,916,07/02/2019,06:45:01,2.896,15,691.723206
D,917,07/02/2019,06:46:01,2.900,15,723.230591
D,918,07/02/2019,06:47:01,2.900,15,758.173950
D,919,07/02/2019,06:48:01,2.900,15,796.557495
D,920,07/02/2019,06:49:01,2.900,15,832.965149
D,921,07/02/2019,06:50:02,2.900,15,912.505676
D,922,07/02/2019,06:51:02,2.900,15,950.993652
D,923,07/02/2019,06:52:02,2.900,16,989.182434
D,924,07/02/2019,06:53:02,2.900,15,1021.278442
D,925,07/02/2019,06:54:02,2.900,15,1049.675171
D,926,07/02/2019,06:55:02,2.896,15,1080.356812
D,927,07/02/2019,06:56:02,2.900,16,1113.676880
D,928,07/02/2019,06:57:02,2.900,15,1149.716797
D,929,07/02/2019,06:58:02,2.900,16,1186.056030
D,930,07/02/2019,06:59:02,2.900,16,1223.700806
D,931,07/02/2019,07:00:02,2.900,16,1259.305664
D,932,07/02/2019,07:01:02,2.900,15,1297.195190
D,933,07/02/2019,07:02:02,2.900,16,1338.348877
D,934,07/02/2019,07:03:02,2.900,16,1381.651245
D,935,07/02/2019,07:04:02,2.900,15,1427.374512
D,936,07/02/2019,07:05:02,2.896,15,1469.888062
D,937,07/02/2019,07:06:02,2.900,16,1508.022339
D,938,07/02/2019,07:07:02,2.900,16,1541.532837
D,939,07/02/2019,07:08:02,2.900,16,1569.494507
D,940,07/02/2019,07:09:02,2.900,15,1600.910400
D,941,07/02/2019,07:10:02,2.900,16,1640.350464
D,942,07/02/2019,07:11:02,2.900,16,1680.769653
D,943,07/02/2019,07:12:02,2.900,16,1718.169556
D,944,07/02/2019,07:13:02,2.900,16,1753.230469
D,945,07/02/2019,07:14:02,2.900,16,1786.686401
D,946,07/02/2019,07:15:02,2.900,16,1823.161743
D,947,07/02/2019,07:16:02,2.900,16,1855.747314
D,948,07/02/2019,07:17:02,2.900,16,1885.068726
D,949,07/02/2019,07:18:02,2.900,16,1919.504028
D,950,07/02/2019,07:19:02,2.900,16,1958.753662
D,951,07/02/2019,07:20:02,2.900,16,1994.304077
D,952,07/02/2019,07:21:02,2.900,17,2019.980835
D,953,07/02/2019,07:22:02,2.901,17,2043.998535
D,954,07/02/2019,07:23:02,2.900,16,2086.022461
D,955,07/02/2019,07:24:02,2.900,16,2132.235352
D,956,07/02/2019,07:25:02,2.900,16,2186.091309
D,957,07/02/2019,07:26:02,2.900,16,2224.959961
D,958,07/02/2019,07:27:02,2.903,16,2257.600098
D,959,07/02/2019,07:28:02,2.903,17,2292.524902
D,960,07/02/2019,07:29:02,2.900,17,2330.414551
D,961,07/02/2019,07:30:01,2.903,17,69.424194
D,962,07/02/2019,07:31:00,2.906,17,0.000207
D,963,07/02/2019,07:32:00,2.906,17,0.000344
D,964,07/02/2019,07:33:00,2.910,18,0.000344
D,965,07/02/2019,07:34:00,2.910,18,0.000275
D,966,07/02/2019,07:35:00,2.913,18,0.000275
D,967,07/02/2019,07:36:00,2.913,18,0.000344
D,968,07/02/2019,07:37:00,2.913,18,-0.000027
D,969,07/02/2019,07:38:00,2.913,18,-0.000045
D,970,07/02/2019,07:39:00,2.917,18,-0.000027
D,971,07/02/2019,07:40:00,2.920,18,-0.000027
D,972,07/02/2019,07:41:00,2.917,18,-0.000045
D,973,07/02/2019,07:42:00,2.917,18,-0.000045
D,974,07/02/2019,07:43:00,2.920,18,-0.000027
D,975,07/02/2019,07:44:00,2.917,18,-0.000045
D,976,07/02/2019,07:45:00,2.917,19,-0.000045
D,977,07/02/2019,07:46:00,2.920,18,-0.000045
D,978,07/02/2019,07:47:00,2.920,19,-0.000005
D,979,07/02/2019,07:48:00,2.920,18,-0.000064
D,980,07/02/2019,07:49:00,2.920,18,-0.000045
D,981,07/02/2019,07:50:00,2.920,18,-0.000005
D,982,07/02/2019,07:51:00,2.920,18,-0.000105
D,983,07/02/2019,07:52:00,2.920,18,-0.000064
D,984,07/02/2019,07:53:00,2.920,18,0.008868
D,985,07/02/2019,07:54:00,2.920,18,-0.001371
D,986,07/02/2019,07:55:00,2.924,18,0.030279
D,987,07/02/2019,07:56:00,2.920,18,0.029679
D,988,07/02/2019,07:57:00,2.920,19,0.000028
D,989,07/02/2019,07:58:00,2.920,18,-0.000118
D,990,07/02/2019,07:59:00,2.920,19,0.000261
D,991,07/02/2019,08:00:00,2.920,18,0.000090
D,992,07/02/2019,08:01:00,2.920,18,0.000023
D,993,07/02/2019,08:02:00,2.920,18,0.000023
D,994,07/02/2019,08:03:00,2.920,19,0.000017
D,995,07/02/2019,08:04:00,2.924,18,0.000019
D,996,07/02/2019,08:05:00,2.924,18,-0.000022
D,997,07/02/2019,08:06:00,2.924,18,-0.000053
D,998,07/02/2019,08:07:00,2.920,18,-0.005435
D,999,07/02/2019,08:08:00,2.920,18,-0.000015
D,1000,07/02/2019,08:09:00,2.924,18,-0.000056
D,1001,07/02/2019,08:10:00,2.920,18,-0.000034
D,1002,07/02/2019,08:11:00,2.924,18,-0.000015
D,1003,07/02/2019,08:12:00,2.924,18,-0.000015
D,1004,07/02/2019,08:13:00,2.927,19,0.000094
D,1005,07/02/2019,08:14:00,2.927,19,-0.000008
D,1006,07/02/2019,08:15:01,2.920,19,170.587524
D,1007,07/02/2019,08:18:02,2.710,23,222.892044
D,1008,07/02/2019,08:18:04,2.707,22,223.065018
D,1009,07/02/2019,08:19:01,2.870,20,224.250931
D,1010,07/02/2019,08:20:01,2.883,20,225.468430
D,1011,07/02/2019,08:21:01,2.890,20,227.207047
D,1012,07/02/2019,08:22:01,2.893,19,231.442627
D,1013,07/02/2019,08:23:01,2.900,19,228.532227
D,1014,07/02/2019,08:24:01,2.900,20,233.002823
D,1015,07/02/2019,08:25:01,2.900,20,237.320007
D,1016,07/02/2019,08:26:01,2.906,20,242.810043
D,1017,07/02/2019,08:27:01,2.906,20,243.760956
D,1018,07/02/2019,08:28:01,2.906,20,246.942261
D,1019,07/02/2019,08:29:01,2.913,20,269.553101
D,1020,07/02/2019,08:30:01,2.910,20,306.588623
D,1021,07/02/2019,08:31:01,2.913,20,352.601227
D,1022,07/02/2019,08:32:01,2.913,19,410.603577
D,1023,07/02/2019,08:33:01,2.913,20,363.777161
D,1024,07/02/2019,08:34:01,2.913,19,361.361786
D,1025,07/02/2019,08:35:01,2.913,20,337.751129
D,1026,07/02/2019,08:36:01,2.913,20,335.162750
D,1027,07/02/2019,08:37:01,2.917,20,327.187714
D,1028,07/02/2019,08:38:01,2.917,19,295.801086
D,1029,07/02/2019,08:39:01,2.917,19,269.849030
D,1030,07/02/2019,08:40:01,2.917,20,244.939270
D,1031,07/02/2019,08:41:01,2.920,19,240.668869
D,1032,07/02/2019,08:42:01,2.917,20,249.895111
D,1033,07/02/2019,08:43:01,2.920,20,274.696075
D,1034,07/02/2019,08:44:01,2.920,20,280.616974
D,1035,07/02/2019,08:45:01,2.920,20,272.587524
D,1036,07/02/2019,08:46:01,2.920,20,290.857239
D,1037,07/02/2019,08:47:01,2.920,20,303.266937
D,1038,07/02/2019,08:48:01,2.920,20,395.836151
D,1039,07/02/2019,08:49:01,2.920,20,433.950989
D,1040,07/02/2019,08:50:01,2.920,20,430.970947
D,1041,07/02/2019,08:51:01,2.920,20,403.797058
D,1042,07/02/2019,08:52:01,2.920,20,386.209534
D,1043,07/02/2019,08:53:01,2.920,20,373.412506
D,1044,07/02/2019,08:54:01,2.920,20,328.492218
D,1045,07/02/2019,08:55:01,2.920,20,327.657745
D,1046,07/02/2019,08:56:01,2.924,20,227.961029
D,1047,07/02/2019,08:57:01,2.924,20,317.730835
D,1048,07/02/2019,08:58:01,2.920,20,277.246338
D,1049,07/02/2019,08:59:01,2.920,20,210.685760
D,1050,07/02/2019,09:00:01,2.920,20,236.947906
D,1051,07/02/2019,09:01:01,2.920,20,350.531860
D,1052,07/02/2019,09:02:01,2.924,20,336.551056
D,1053,07/02/2019,09:03:01,2.924,20,324.760406
D,1054,07/02/2019,09:04:01,2.920,20,102.601669
D,1055,07/02/2019,09:05:01,2.920,21,74.635712
